Dataset,Prior,Component,CFMethod,BootstrapID,validity,lof_context,compactness,n_proximity,causal_compact_val
1credit,min,baseline,CACTUS,0,0.72,1.346952828,0.08,0.6226240871,0.3725
1credit,min,baseline,CACTUS,1,0.8,1.221724471,0.105,0.5391823669,0.385
1credit,min,baseline,CACTUS,2,0.68,1.207639549,0.165,0.469525171,0.444
1credit,min,baseline,CACTUS,3,0.76,1.201872153,0.075,0.5337755294,0.366
1credit,min,baseline,CACTUS,4,0.76,1.208845861,0.13,0.5551811582,0.387
1credit,min,causal,CausalCACTUS,0,0.82,1.252922767,0.18,0.5719171288,0.3745
1credit,min,causal,CausalCACTUS,1,0.76,1.16570773,0.205,0.5286907835,0.401
1credit,min,causal,CausalCACTUS,2,0.76,1.207791009,0.205,0.4831625898,0.3955
1credit,min,causal,CausalCACTUS,3,0.86,1.221626026,0.145,0.5919237196,0.3365
1credit,min,causal,CausalCACTUS,4,0.88,1.235689521,0.1475,0.623133827,0.348
1credit,min,phase,CausalCACTUS,0,0.98,1.263436033,0.0575,0.54639137,0.3765
1credit,min,phase,CausalCACTUS,1,0.96,1.15308803,0.0825,0.4880850341,0.405
1credit,min,phase,CausalCACTUS,2,1,1.185940679,0.0575,0.496736283,0.3805
1credit,min,phase,CausalCACTUS,3,1,1.191678738,0.07,0.5037971958,0.388
1credit,min,phase,CausalCACTUS,4,1,1.171622758,0.05,0.5468876329,0.388
1credit,min,full,CausalCACTUS,0,0.98,1.243864814,0.1525,0.540131681,0.3795
1credit,min,full,CausalCACTUS,1,0.96,1.150851888,0.17,0.4877853177,0.409
1credit,min,full,CausalCACTUS,2,1,1.177613677,0.165,0.4901429059,0.3855
1credit,min,full,CausalCACTUS,3,1,1.175960453,0.1625,0.499966845,0.3845
1credit,min,full,CausalCACTUS,4,1,1.167918215,0.135,0.5446443585,0.388
1credit,mod,baseline,CACTUS,0,0.8,1.218560046,0.11,0.4573252181,0.485
1credit,mod,baseline,CACTUS,1,0.66,1.143744521,0.13,0.4894574344,0.49625
1credit,mod,baseline,CACTUS,2,0.76,1.173615935,0.15,0.5496953419,0.46625
1credit,mod,baseline,CACTUS,3,0.84,1.200742167,0.1075,0.6293203325,0.4275
1credit,mod,baseline,CACTUS,4,0.88,1.215367771,0.05,0.5865633634,0.43625
1credit,mod,causal,CausalCACTUS,0,0.86,1.192650401,0.1875,0.5604103513,0.48
1credit,mod,causal,CausalCACTUS,1,0.76,1.213038581,0.1775,0.5314676974,0.47875
1credit,mod,causal,CausalCACTUS,2,0.68,1.142686788,0.1875,0.5522537292,0.45375
1credit,mod,causal,CausalCACTUS,3,0.8,1.133116818,0.14,0.6507517566,0.4025
1credit,mod,causal,CausalCACTUS,4,0.8,1.160130399,0.14,0.6030285158,0.43125
1credit,mod,phase,CausalCACTUS,0,1,1.199293969,0.04,0.5480731809,0.48125
1credit,mod,phase,CausalCACTUS,1,1,1.204872082,0.0375,0.5545532664,0.4675
1credit,mod,phase,CausalCACTUS,2,1,1.154005642,0.055,0.5813485499,0.41375
1credit,mod,phase,CausalCACTUS,3,0.98,1.154126894,0.0775,0.5759406758,0.425
1credit,mod,phase,CausalCACTUS,4,1,1.153592711,0.0375,0.5404599803,0.4275
1credit,mod,full,CausalCACTUS,0,1,1.187348834,0.1575,0.543724859,0.48125
1credit,mod,full,CausalCACTUS,1,1,1.201985886,0.1475,0.5470668755,0.4575
1credit,mod,full,CausalCACTUS,2,1,1.154806152,0.1525,0.578818428,0.41375
1credit,mod,full,CausalCACTUS,3,0.98,1.148350705,0.1575,0.5711020997,0.4225
1credit,mod,full,CausalCACTUS,4,1,1.153155385,0.14,0.5391556979,0.4275
2adult,min,baseline,CACTUS,0,0.58,1.129967959,0.1371428571,0.6344770267,0.3971428571
2adult,min,baseline,CACTUS,1,0.6,1.105433898,0.09142857143,0.6194101562,0.3428571429
2adult,min,baseline,CACTUS,2,0.58,1.087405649,0.16,0.6581055509,0.3876190476
2adult,min,baseline,CACTUS,3,0.46,1.11068567,0.1085714286,0.6295261244,0.3771428571
2adult,min,baseline,CACTUS,4,0.54,1.122589602,0.1628571429,0.6114939011,0.3971428571
2adult,min,causal,CausalCACTUS,0,0.6,1.130323346,0.2971428571,0.6439918054,0.4819047619
2adult,min,causal,CausalCACTUS,1,0.62,1.111128286,0.2085714286,0.6312929436,0.4285714286
2adult,min,causal,CausalCACTUS,2,0.6,1.090835139,0.2742857143,0.6752568988,0.4657142857
2adult,min,causal,CausalCACTUS,3,0.46,1.103393792,0.2742857143,0.6001711116,0.4857142857
2adult,min,causal,CausalCACTUS,4,0.54,1.117196742,0.3257142857,0.6043096201,0.5038095238
2adult,min,phase,CausalCACTUS,0,0.8,1.124761874,0.2171428571,0.5213260204,0.46
2adult,min,phase,CausalCACTUS,1,0.82,1.081853917,0.2,0.5271616769,0.4342857143
2adult,min,phase,CausalCACTUS,2,0.8,1.070229848,0.2142857143,0.5947647408,0.4304761905
2adult,min,phase,CausalCACTUS,3,0.78,1.10678503,0.2457142857,0.5269668605,0.4628571429
2adult,min,phase,CausalCACTUS,4,0.8,1.107471855,0.2114285714,0.5699285753,0.4085714286
2adult,min,full,CausalCACTUS,0,0.84,1.135440777,0.3314285714,0.5618442777,0.520952381
2adult,min,full,CausalCACTUS,1,0.82,1.081996646,0.3285714286,0.5227711296,0.5161904762
2adult,min,full,CausalCACTUS,2,0.8,1.066199742,0.3485714286,0.5902927852,0.5095238095
2adult,min,full,CausalCACTUS,3,0.8,1.108685595,0.3685714286,0.5327575717,0.5161904762
2adult,min,full,CausalCACTUS,4,0.8,1.105686407,0.3628571429,0.5628376619,0.4923809524
2adult,mod,baseline,CACTUS,0,0.58,1.115612182,0.06571428571,0.59564217,0.35
2adult,mod,baseline,CACTUS,1,0.58,1.115118898,0.1371428571,0.5921474992,0.3828571429
2adult,mod,baseline,CACTUS,2,0.64,1.167502713,0.09714285714,0.6532441316,0.3542857143
2adult,mod,baseline,CACTUS,3,0.56,1.120569873,0.1771428571,0.4978374751,0.4071428571
2adult,mod,baseline,CACTUS,4,0.8,1.12752383,0.04571428571,0.7840275067,0.3028571429
2adult,mod,causal,CausalCACTUS,0,0.58,1.115329011,0.2428571429,0.6034804543,0.3957142857
2adult,mod,causal,CausalCACTUS,1,0.58,1.111930251,0.3028571429,0.5847230714,0.4542857143
2adult,mod,causal,CausalCACTUS,2,0.64,1.161958256,0.2457142857,0.6474458537,0.4157142857
2adult,mod,causal,CausalCACTUS,3,0.58,1.103780369,0.32,0.4865662278,0.4614285714
2adult,mod,causal,CausalCACTUS,4,0.78,1.12793123,0.2085714286,0.7870304964,0.3671428571
2adult,mod,phase,CausalCACTUS,0,0.72,1.075700275,0.3057142857,0.3835186316,0.5414285714
2adult,mod,phase,CausalCACTUS,1,0.58,1.076387143,0.4371428571,0.3200520383,0.6285714286
2adult,mod,phase,CausalCACTUS,2,0.76,1.140698284,0.26,0.4498212762,0.4857142857
2adult,mod,phase,CausalCACTUS,3,0.78,1.094461285,0.2428571429,0.4031347903,0.4742857143
2adult,mod,phase,CausalCACTUS,4,0.82,1.093344476,0.1885714286,0.5369913642,0.4485714286
2adult,mod,full,CausalCACTUS,0,0.68,1.073427455,0.46,0.3601022368,0.5971428571
2adult,mod,full,CausalCACTUS,1,0.58,1.075148254,0.5285714286,0.3183245843,0.6528571429
2adult,mod,full,CausalCACTUS,2,0.74,1.130744341,0.4028571429,0.4305354071,0.5371428571
2adult,mod,full,CausalCACTUS,3,0.76,1.079321436,0.3942857143,0.3884876875,0.5028571429
2adult,mod,full,CausalCACTUS,4,0.82,1.090202718,0.3285714286,0.5347911174,0.4942857143
3law,min,baseline,CACTUS,0,0.64,1.058817382,0.08666666667,0.4628949082,0.2155555556
3law,min,baseline,CACTUS,1,0.52,1.058241357,0.03333333333,0.5098848739,0.155
3law,min,baseline,CACTUS,2,0.62,1.051556127,0.07333333333,0.4942553381,0.1783333333
3law,min,baseline,CACTUS,3,0.62,1.036567878,0.04888888889,0.4615117844,0.1711111111
3law,min,baseline,CACTUS,4,0.66,1.069520719,0.06888888889,0.5379239862,0.1861111111
3law,min,causal,CausalCACTUS,0,0.64,1.05038885,0.1511111111,0.4540513567,0.2211111111
3law,min,causal,CausalCACTUS,1,0.5,1.055687234,0.09333333333,0.5077998211,0.1616666667
3law,min,causal,CausalCACTUS,2,0.62,1.045152182,0.1377777778,0.4900705493,0.1855555556
3law,min,causal,CausalCACTUS,3,0.62,1.026969454,0.14,0.4525800681,0.1933333333
3law,min,causal,CausalCACTUS,4,0.64,1.059377726,0.1311111111,0.5227637996,0.1927777778
3law,min,phase,CausalCACTUS,0,0.8,1.049328716,0.2288888889,0.3246872498,0.33
3law,min,phase,CausalCACTUS,1,0.74,1.061496668,0.2866666667,0.3255875099,0.3827777778
3law,min,phase,CausalCACTUS,2,0.82,1.046358138,0.2111111111,0.3725083914,0.3116666667
3law,min,phase,CausalCACTUS,3,0.84,1.030664336,0.1911111111,0.3543337857,0.305
3law,min,phase,CausalCACTUS,4,0.88,1.05094844,0.1555555556,0.420964855,0.2583333333
3law,min,full,CausalCACTUS,0,0.8,1.048595825,0.2822222222,0.3224757086,0.3361111111
3law,min,full,CausalCACTUS,1,0.74,1.06147577,0.3311111111,0.3241139244,0.3933333333
3law,min,full,CausalCACTUS,2,0.82,1.042988164,0.2644444444,0.369197204,0.315
3law,min,full,CausalCACTUS,3,0.82,1.033363043,0.2688888889,0.3411745904,0.3261111111
3law,min,full,CausalCACTUS,4,0.86,1.044977315,0.2222222222,0.4063296855,0.2788888889
3law,mod,baseline,CACTUS,0,0.64,1.061110014,0.05777777778,0.515115111,0.1385185185
3law,mod,baseline,CACTUS,1,0.58,1.060679266,0.01777777778,0.5258951649,0.1118518519
3law,mod,baseline,CACTUS,2,0.66,1.045354665,0.06444444444,0.5072328925,0.1533333333
3law,mod,baseline,CACTUS,3,0.66,1.03498437,0.05777777778,0.5058631784,0.1407407407
3law,mod,baseline,CACTUS,4,0.6,1.053420409,0.07555555556,0.5041681224,0.1614814815
3law,mod,causal,CausalCACTUS,0,0.64,1.050402027,0.1222222222,0.5038278293,0.142962963
3law,mod,causal,CausalCACTUS,1,0.58,1.057157476,0.07555555556,0.5254839936,0.1148148148
3law,mod,causal,CausalCACTUS,2,0.66,1.044416178,0.1355555556,0.4993016414,0.162962963
3law,mod,causal,CausalCACTUS,3,0.68,1.033932099,0.1288888889,0.5058375931,0.1466666667
3law,mod,causal,CausalCACTUS,4,0.6,1.047995745,0.1355555556,0.4950635561,0.1733333333
3law,mod,phase,CausalCACTUS,0,0.82,1.044705436,0.2155555556,0.3579736624,0.2903703704
3law,mod,phase,CausalCACTUS,1,0.9,1.05857937,0.1288888889,0.4376963009,0.2125925926
3law,mod,phase,CausalCACTUS,2,0.86,1.039127333,0.1577777778,0.4056949855,0.2496296296
3law,mod,phase,CausalCACTUS,3,0.82,1.033913523,0.2111111111,0.343435956,0.2925925926
3law,mod,phase,CausalCACTUS,4,0.8,1.048808021,0.2466666667,0.3623715589,0.3118518519
3law,mod,full,CausalCACTUS,0,0.82,1.038044581,0.2644444444,0.3528588082,0.2903703704
3law,mod,full,CausalCACTUS,1,0.9,1.052487805,0.1866666667,0.4355232077,0.2155555556
3law,mod,full,CausalCACTUS,2,0.88,1.039516781,0.1955555556,0.4144463036,0.2340740741
3law,mod,full,CausalCACTUS,3,0.84,1.034935878,0.2444444444,0.3516958867,0.277037037
3law,mod,full,CausalCACTUS,4,0.8,1.048294085,0.2777777778,0.3536880187,0.3162962963
4german,min,baseline,CACTUS,0,0.84,1.022885533,0.01333333333,0.6013951234,0.2733333333
4german,min,baseline,CACTUS,1,0.84,1.026676731,0.02,0.6042527187,0.2555555556
4german,min,baseline,CACTUS,2,0.82,1.037242667,0.02333333333,0.6281832447,0.2711111111
4german,min,baseline,CACTUS,3,0.92,1.026023427,0.01333333333,0.6023302525,0.2633333333
4german,min,baseline,CACTUS,4,0.88,1.034181529,0.02333333333,0.6084846056,0.2444444444
4german,min,causal,CausalCACTUS,0,0.84,1.02310483,0.01333333333,0.6016001334,0.2811111111
4german,min,causal,CausalCACTUS,1,0.84,1.026540881,0.02333333333,0.6042641425,0.25
4german,min,causal,CausalCACTUS,2,0.82,1.036846413,0.03,0.6281581554,0.2944444444
4german,min,causal,CausalCACTUS,3,0.88,1.020285665,0.02333333333,0.5986994563,0.2633333333
4german,min,causal,CausalCACTUS,4,0.84,1.028121352,0.03666666667,0.6047407861,0.25
4german,min,phase,CausalCACTUS,0,0.86,1.022521004,0.1533333333,0.4942840221,0.3911111111
4german,min,phase,CausalCACTUS,1,0.84,1.039750959,0.1733333333,0.4576062097,0.3833333333
4german,min,phase,CausalCACTUS,2,0.8,1.045088517,0.2,0.4788127387,0.4333333333
4german,min,phase,CausalCACTUS,3,0.92,1.02840888,0.1033333333,0.5050408432,0.3677777778
4german,min,phase,CausalCACTUS,4,0.84,1.052541167,0.1833333333,0.4669678419,0.4055555556
4german,min,full,CausalCACTUS,0,0.86,1.023027999,0.1633333333,0.492013431,0.3933333333
4german,min,full,CausalCACTUS,1,0.84,1.039824053,0.1766666667,0.4574225884,0.3833333333
4german,min,full,CausalCACTUS,2,0.8,1.048157017,0.2033333333,0.478217035,0.4333333333
4german,min,full,CausalCACTUS,3,0.92,1.02079967,0.1133333333,0.4984124839,0.37
4german,min,full,CausalCACTUS,4,0.84,1.044437305,0.1866666667,0.4623009133,0.4055555556
4german,mod,baseline,CACTUS,0,0.82,1.030615139,0.01333333333,0.5554625891,0.41
4german,mod,baseline,CACTUS,1,0.8,1.024697502,0.02333333333,0.5239044927,0.4116666667
4german,mod,baseline,CACTUS,2,0.82,1.043317354,0.01,0.5669861881,0.345
4german,mod,baseline,CACTUS,3,0.8,1.035558163,0.02,0.5263761367,0.3483333333
4german,mod,baseline,CACTUS,4,0.78,1.046189539,0.01,0.5731765076,0.3633333333
4german,mod,causal,CausalCACTUS,0,0.8,1.027971363,0.02333333333,0.5533351811,0.4266666667
4german,mod,causal,CausalCACTUS,1,0.78,1.021896591,0.03666666667,0.5224492962,0.4116666667
4german,mod,causal,CausalCACTUS,2,0.8,1.040646799,0.02,0.5652468591,0.3533333333
4german,mod,causal,CausalCACTUS,3,0.78,1.032779184,0.02333333333,0.5247563243,0.3566666667
4german,mod,causal,CausalCACTUS,4,0.78,1.045956297,0.02666666667,0.5728248406,0.38
4german,mod,phase,CausalCACTUS,0,0.84,1.0367965,0.1733333333,0.4247052198,0.5416666667
4german,mod,phase,CausalCACTUS,1,0.82,1.032335804,0.1966666667,0.3956849462,0.545
4german,mod,phase,CausalCACTUS,2,0.84,1.045873374,0.1833333333,0.4448893288,0.4866666667
4german,mod,phase,CausalCACTUS,3,0.82,1.044832036,0.1866666667,0.3985471161,0.5
4german,mod,phase,CausalCACTUS,4,0.82,1.0398755,0.1933333333,0.4169599197,0.5083333333
4german,mod,full,CausalCACTUS,0,0.84,1.039075495,0.1733333333,0.4212851329,0.5416666667
4german,mod,full,CausalCACTUS,1,0.82,1.028202578,0.2,0.3933181905,0.545
4german,mod,full,CausalCACTUS,2,0.84,1.042250389,0.19,0.4406225941,0.49
4german,mod,full,CausalCACTUS,3,0.82,1.04171791,0.1966666667,0.3923781203,0.5066666667
4german,mod,full,CausalCACTUS,4,0.82,1.039872966,0.1933333333,0.4169859302,0.5083333333
5heloc,min,baseline,CACTUS,0,0.46,1.085823879,0.03444444444,0.4655003489,0.182037037
5heloc,min,baseline,CACTUS,1,0.54,1.197967212,0.04333333333,0.4713620423,0.1933333333
5heloc,min,baseline,CACTUS,2,0.48,1.250438397,0.05333333333,0.419020146,0.2253703704
5heloc,min,baseline,CACTUS,3,0.62,1.313847233,0.08,0.3884845883,0.2481481481
5heloc,min,baseline,CACTUS,4,0.52,1.210668025,0.1033333333,0.4274419593,0.2361111111
5heloc,min,causal,CausalCACTUS,0,0.46,1.084835048,0.05333333333,0.4642052884,0.1933333333
5heloc,min,causal,CausalCACTUS,1,0.54,1.193761052,0.08888888889,0.4662367355,0.2091666667
5heloc,min,causal,CausalCACTUS,2,0.48,1.248117207,0.1088888889,0.4140975725,0.2462962963
5heloc,min,causal,CausalCACTUS,3,0.62,1.308907959,0.1511111111,0.3837761727,0.2700925926
5heloc,min,causal,CausalCACTUS,4,0.52,1.203735818,0.1466666667,0.4208442665,0.2514814815
5heloc,min,phase,CausalCACTUS,0,0.84,1.086030935,0.1811111111,0.4063736261,0.2969444444
5heloc,min,phase,CausalCACTUS,1,0.84,1.213968137,0.1788888889,0.4232321884,0.2774074074
5heloc,min,phase,CausalCACTUS,2,0.78,1.248416538,0.2488888889,0.3629311209,0.3593518519
5heloc,min,phase,CausalCACTUS,3,0.78,1.310342253,0.2411111111,0.3369853086,0.3542592593
5heloc,min,phase,CausalCACTUS,4,0.8,1.216765103,0.2144444444,0.3911013132,0.3231481481
5heloc,min,full,CausalCACTUS,0,0.84,1.085697668,0.1833333333,0.4064092597,0.299537037
5heloc,min,full,CausalCACTUS,1,0.84,1.212366298,0.1855555556,0.4198883148,0.282037037
5heloc,min,full,CausalCACTUS,2,0.78,1.24832748,0.2488888889,0.3626531798,0.3593518519
5heloc,min,full,CausalCACTUS,3,0.78,1.310387058,0.2433333333,0.3366214662,0.3562962963
5heloc,min,full,CausalCACTUS,4,0.8,1.207654974,0.2144444444,0.3846263448,0.3249074074
5heloc,mod,baseline,CACTUS,0,0.36,1.269690635,0.08111111111,0.3950135117,0.2429166667
5heloc,mod,baseline,CACTUS,1,0.62,1.136392521,0.05777777778,0.4699909868,0.1998611111
5heloc,mod,baseline,CACTUS,2,0.46,1.091689206,0.04222222222,0.4786634957,0.1966666667
5heloc,mod,baseline,CACTUS,3,0.62,1.140577723,0.06888888889,0.4494510656,0.2266666667
5heloc,mod,baseline,CACTUS,4,0.62,1.195046363,0.04111111111,0.4756213128,0.2147222222
5heloc,mod,causal,CausalCACTUS,0,0.36,1.266354654,0.1344444444,0.3909845784,0.2591666667
5heloc,mod,causal,CausalCACTUS,1,0.64,1.136472411,0.06888888889,0.4776465278,0.1940277778
5heloc,mod,causal,CausalCACTUS,2,0.46,1.08859867,0.06,0.4765705863,0.2022222222
5heloc,mod,causal,CausalCACTUS,3,0.62,1.138295774,0.09666666667,0.4464207023,0.2345833333
5heloc,mod,causal,CausalCACTUS,4,0.62,1.192796057,0.08444444444,0.4724902808,0.2265277778
5heloc,mod,phase,CausalCACTUS,0,0.78,1.269054857,0.2466666667,0.3495229,0.35875
5heloc,mod,phase,CausalCACTUS,1,0.78,1.146505189,0.2366666667,0.3695981584,0.3483333333
5heloc,mod,phase,CausalCACTUS,2,0.84,1.096478354,0.1788888889,0.4079769855,0.3016666667
5heloc,mod,phase,CausalCACTUS,3,0.8,1.150906414,0.2188888889,0.3619754206,0.3413888889
5heloc,mod,phase,CausalCACTUS,4,0.84,1.195502104,0.1833333333,0.404570607,0.3208333333
5heloc,mod,full,CausalCACTUS,0,0.78,1.269282219,0.2488888889,0.3492886834,0.35875
5heloc,mod,full,CausalCACTUS,1,0.78,1.14581785,0.24,0.3681890104,0.3494444444
5heloc,mod,full,CausalCACTUS,2,0.82,1.086091709,0.2,0.3916767126,0.3183333333
5heloc,mod,full,CausalCACTUS,3,0.8,1.150676484,0.2222222222,0.3618349077,0.3425
5heloc,mod,full,CausalCACTUS,4,0.84,1.194244493,0.1833333333,0.4034411737,0.3208333333