Dataset,Prior,Model,BootstrapID,validity,lof_context,compactness,n_proximity,causal_compact_val
1credit,min,LatentCF++,0,1,1.531767435,0.04,0.7221985004,0.3625
1credit,min,LatentCF++,1,1,1.376391873,0.04,0.618851193,0.367
1credit,min,LatentCF++,2,1,1.420628466,0.0575,0.5608943149,0.3385
1credit,min,LatentCF++,3,1,1.388184156,0.04,0.5405904155,0.3625
1credit,min,LatentCF++,4,1,1.431063176,0.055,0.661094395,0.3145
1credit,min,Prototype C,0,1,3.506738674,0.005,1.900094702,0.209
1credit,min,Prototype C,1,1,3.928676098,0.0125,1.849624508,0.2045
1credit,min,Prototype C,2,1,3.397713962,0.0125,1.717903389,0.227
1credit,min,Prototype C,3,1,3.531593151,0.01,1.700104404,0.243
1credit,min,Prototype C,4,1,3.733605491,0.0025,1.776138341,0.176
1credit,min,Prototype D,0,1,2.100133094,0.0275,1.282602649,0.278
1credit,min,Prototype D,1,1,2.093039146,0.02,1.16009265,0.272
1credit,min,Prototype D,2,1,2.211588997,0.025,1.236124772,0.2635
1credit,min,Prototype D,3,1,2.245402184,0.0225,1.299661887,0.262
1credit,min,Prototype D,4,1,2.19627699,0.02,1.174183383,0.2455
1credit,min,CACTUS,0,0.84,1.280197904,0.09,0.6081534769,0.3605
1credit,min,CACTUS,1,0.78,1.172900982,0.1175,0.5282387768,0.396
1credit,min,CACTUS,2,0.76,1.229321135,0.1325,0.4797599387,0.412
1credit,min,CACTUS,3,0.84,1.267651312,0.0375,0.5956971583,0.3395
1credit,min,CACTUS,4,0.86,1.256307308,0.0975,0.5948354957,0.3685
1credit,min,CausalCACTUS,0,0.98,1.243864814,0.1525,0.540131681,0.3795
1credit,min,CausalCACTUS,1,0.96,1.150851888,0.17,0.4877853177,0.409
1credit,min,CausalCACTUS,2,1,1.177613677,0.165,0.4901429059,0.3855
1credit,min,CausalCACTUS,3,1,1.175960453,0.1625,0.499966845,0.3845
1credit,min,CausalCACTUS,4,1,1.167918215,0.135,0.5446443585,0.388
1credit,mod,LatentCF++,0,1,1.400521772,0.0675,0.5263246795,0.44125
1credit,mod,LatentCF++,1,1,1.392075241,0.0475,0.5732573801,0.435
1credit,mod,LatentCF++,2,1,1.509246517,0.025,0.7001469871,0.415
1credit,mod,LatentCF++,3,1,1.550252243,0.03,0.7638338994,0.3875
1credit,mod,LatentCF++,4,1,1.433287574,0.04,0.643085748,0.42875
1credit,mod,Prototype C,0,1,3.580883565,0.01,1.816590262,0.25625
1credit,mod,Prototype C,1,1,3.418226958,0.01,1.808726431,0.23375
1credit,mod,Prototype C,2,1,3.617576874,0.0125,1.838907559,0.25625
1credit,mod,Prototype C,3,1,3.244633762,0.0125,1.734076152,0.20625
1credit,mod,Prototype C,4,1,3.501743767,0.01,1.849325323,0.2175
1credit,mod,Prototype D,0,1,2.06761166,0.0175,1.1908672,0.305
1credit,mod,Prototype D,1,1,1.933443212,0.0225,1.242979882,0.305
1credit,mod,Prototype D,2,1,2.193243141,0.015,1.29404166,0.32875
1credit,mod,Prototype D,3,1,2.089706166,0.015,1.290222946,0.29625
1credit,mod,Prototype D,4,1,1.976863143,0.0175,1.196683576,0.3425
1credit,mod,CACTUS,0,0.86,1.204536045,0.095,0.5630831563,0.47625
1credit,mod,CACTUS,1,0.76,1.22313156,0.095,0.5417101892,0.48625
1credit,mod,CACTUS,2,0.68,1.143900851,0.11,0.5569561844,0.4525
1credit,mod,CACTUS,3,0.8,1.135876676,0.08,0.6303195737,0.4275
1credit,mod,CACTUS,4,0.8,1.16087715,0.0625,0.6060757578,0.4325
1credit,mod,CausalCACTUS,0,1,1.187348834,0.1575,0.543724859,0.48125
1credit,mod,CausalCACTUS,1,1,1.201985886,0.1475,0.5470668755,0.4575
1credit,mod,CausalCACTUS,2,1,1.154806152,0.1525,0.578818428,0.41375
1credit,mod,CausalCACTUS,3,0.98,1.148350705,0.1575,0.5711020997,0.4225
1credit,mod,CausalCACTUS,4,1,1.153155385,0.14,0.5391556979,0.4275
2adult,min,LatentCF++,0,1,1.159782609,0.1,0.5758569476,0.3714285714
2adult,min,LatentCF++,1,1,1.125103928,0.1085714286,0.4741760522,0.3828571429
2adult,min,LatentCF++,2,1,1.177367458,0.1085714286,0.6741985419,0.3028571429
2adult,min,LatentCF++,3,1,1.14453354,0.1085714286,0.5547567278,0.3171428571
2adult,min,LatentCF++,4,1,1.225147357,0.1171428571,0.7468412048,0.2571428571
2adult,min,Prototype C,0,1,2.181097723,0.03714285714,2.85722958,0.08571428571
2adult,min,Prototype C,1,1,2.074796155,0.04285714286,2.635793688,0.07428571429
2adult,min,Prototype C,2,1,2.160539061,0.03428571429,2.596334115,0.06
2adult,min,Prototype C,3,1,2.179465256,0.02,2.694751273,0.07428571429
2adult,min,Prototype C,4,1,2.055665865,0.02571428571,2.75272647,0.06
2adult,min,Prototype D,0,1,1.850613339,0.03714285714,2.580589174,0.08571428571
2adult,min,Prototype D,1,1,1.714448101,0.04857142857,2.353314917,0.07714285714
2adult,min,Prototype D,2,1,1.778154263,0.03142857143,2.430428004,0.09142857143
2adult,min,Prototype D,3,1,1.930983888,0.05142857143,2.441659927,0.08285714286
2adult,min,Prototype D,4,1,1.771885098,0.02571428571,2.479369782,0.06285714286
2adult,min,CACTUS,0,0.58,1.129967959,0.1371428571,0.6344770267,0.3971428571
2adult,min,CACTUS,1,0.6,1.105433898,0.09142857143,0.6194101562,0.3428571429
2adult,min,CACTUS,2,0.58,1.087405649,0.16,0.6581055509,0.3876190476
2adult,min,CACTUS,3,0.46,1.11068567,0.1085714286,0.6295261244,0.3771428571
2adult,min,CACTUS,4,0.54,1.122589602,0.1628571429,0.6114939011,0.3971428571
2adult,min,CausalCACTUS,0,0.84,1.135440777,0.3314285714,0.5618442777,0.520952381
2adult,min,CausalCACTUS,1,0.82,1.081996646,0.3285714286,0.5227711296,0.5161904762
2adult,min,CausalCACTUS,2,0.8,1.066199742,0.3485714286,0.5902927852,0.5095238095
2adult,min,CausalCACTUS,3,0.8,1.108685595,0.3685714286,0.5327575717,0.5161904762
2adult,min,CausalCACTUS,4,0.8,1.105686407,0.3628571429,0.5628376619,0.4923809524
2adult,mod,LatentCF++,0,1,1.126129821,0.1114285714,0.5009862151,0.3371428571
2adult,mod,LatentCF++,1,1,1.180386377,0.1057142857,0.7023176056,0.2857142857
2adult,mod,LatentCF++,2,1,1.181559023,0.1114285714,0.7337891397,0.2914285714
2adult,mod,LatentCF++,3,1,1.140571405,0.1257142857,0.5820759198,0.3171428571
2adult,mod,LatentCF++,4,1,1.161907522,0.1057142857,0.6323152905,0.2971428571
2adult,mod,Prototype C,0,1,2.072150698,0.02857142857,2.702145052,0.07142857143
2adult,mod,Prototype C,1,1,2.100767886,0.04,2.67160293,0.07428571429
2adult,mod,Prototype C,2,1,2.22603735,0.02285714286,2.900087513,0.05714285714
2adult,mod,Prototype C,3,1,1.968426631,0.03142857143,2.617899948,0.07142857143
2adult,mod,Prototype C,4,1,2.223200977,0.04571428571,2.819399011,0.07714285714
2adult,mod,Prototype D,0,1,1.82667646,0.03142857143,2.521441282,0.05428571429
2adult,mod,Prototype D,1,1,1.789261391,0.02571428571,2.557478192,0.06857142857
2adult,mod,Prototype D,2,1,1.836639533,0.01428571429,2.538118585,0.06285714286
2adult,mod,Prototype D,3,1,1.754984255,0.02857142857,2.498493967,0.06857142857
2adult,mod,Prototype D,4,1,1.777953586,0.02571428571,2.464264714,0.08285714286
2adult,mod,CACTUS,0,0.58,1.115612182,0.06571428571,0.59564217,0.35
2adult,mod,CACTUS,1,0.58,1.115118898,0.1371428571,0.5921474992,0.3828571429
2adult,mod,CACTUS,2,0.64,1.167502713,0.09714285714,0.6532441316,0.3542857143
2adult,mod,CACTUS,3,0.56,1.120569873,0.1771428571,0.4978374751,0.4071428571
2adult,mod,CACTUS,4,0.8,1.12752383,0.04571428571,0.7840275067,0.3028571429
2adult,mod,CausalCACTUS,0,0.68,1.073427455,0.46,0.3601022368,0.5971428571
2adult,mod,CausalCACTUS,1,0.58,1.075148254,0.5285714286,0.3183245843,0.6528571429
2adult,mod,CausalCACTUS,2,0.74,1.130744341,0.4028571429,0.4305354071,0.5371428571
2adult,mod,CausalCACTUS,3,0.76,1.079321436,0.3942857143,0.3884876875,0.5028571429
2adult,mod,CausalCACTUS,4,0.82,1.090202718,0.3285714286,0.5347911174,0.4942857143
3law,min,LatentCF++,0,1,1.082676964,0.03111111111,0.4061711573,0.1744444444
3law,min,LatentCF++,1,0.98,1.130806038,0.02444444444,0.5277683685,0.1677777778
3law,min,LatentCF++,2,1,1.113745712,0.03111111111,0.5554351555,0.1727777778
3law,min,LatentCF++,3,1,1.102545034,0.02666666667,0.4885017822,0.1672222222
3law,min,LatentCF++,4,1,1.141764405,0.03777777778,0.5684548661,0.165
3law,min,Prototype C,0,0.84,2.729187,0.008888888889,2.36192473,0.05333333333
3law,min,Prototype C,1,0.96,3.06075885,0.002222222222,2.724031907,0.05833333333
3law,min,Prototype C,2,0.82,2.80856036,0.02,2.278583342,0.06833333333
3law,min,Prototype C,3,0.9,2.897120158,0.01777777778,2.438138046,0.06
3law,min,Prototype C,4,0.84,2.990156276,0.01555555556,2.53885334,0.05666666667
3law,min,Prototype D,0,0.98,2.069109304,0.02666666667,1.795370372,0.09333333333
3law,min,Prototype D,1,0.98,2.028461946,0.02222222222,1.785535229,0.09222222222
3law,min,Prototype D,2,0.96,2.070036547,0.01333333333,1.918260661,0.09611111111
3law,min,Prototype D,3,0.96,2.244360392,0.02666666667,1.930847278,0.07666666667
3law,min,Prototype D,4,0.98,2.049441251,0.01555555556,1.869022824,0.08944444444
3law,min,CACTUS,0,0.64,1.058817382,0.08666666667,0.4628949082,0.2155555556
3law,min,CACTUS,1,0.52,1.058241357,0.03333333333,0.5098848739,0.155
3law,min,CACTUS,2,0.62,1.051556127,0.07333333333,0.4942553381,0.1783333333
3law,min,CACTUS,3,0.62,1.036567878,0.04888888889,0.4615117844,0.1711111111
3law,min,CACTUS,4,0.66,1.069520719,0.06888888889,0.5379239862,0.1861111111
3law,min,CausalCACTUS,0,0.8,1.048595825,0.2822222222,0.3224757086,0.3361111111
3law,min,CausalCACTUS,1,0.74,1.06147577,0.3311111111,0.3241139244,0.3933333333
3law,min,CausalCACTUS,2,0.82,1.042988164,0.2644444444,0.369197204,0.315
3law,min,CausalCACTUS,3,0.82,1.033363043,0.2688888889,0.3411745904,0.3261111111
3law,min,CausalCACTUS,4,0.86,1.044977315,0.2222222222,0.4063296855,0.2788888889
3law,mod,LatentCF++,0,0.98,1.093324734,0.02666666667,0.4225570441,0.1540740741
3law,mod,LatentCF++,1,1,1.156926212,0.02444444444,0.5005181159,0.1511111111
3law,mod,LatentCF++,2,1,1.121099068,0.04222222222,0.5065342639,0.1555555556
3law,mod,LatentCF++,3,1,1.140800453,0.02222222222,0.4456363476,0.1437037037
3law,mod,LatentCF++,4,0.98,1.167685512,0.02666666667,0.6178653523,0.1392592593
3law,mod,Prototype C,0,0.84,2.811612112,0.02,2.485972797,0.05925925926
3law,mod,Prototype C,1,0.9,3.040877574,0.006666666667,2.491430291,0.04148148148
3law,mod,Prototype C,2,0.88,2.821628803,0.02,2.274396788,0.05185185185
3law,mod,Prototype C,3,0.9,2.846426217,0.01111111111,2.437721042,0.04740740741
3law,mod,Prototype C,4,0.88,2.882120317,0.01111111111,2.441326581,0.04074074074
3law,mod,Prototype D,0,0.96,2.087097325,0.02,1.954493636,0.07259259259
3law,mod,Prototype D,1,0.98,2.026220063,0.01111111111,1.707779977,0.06444444444
3law,mod,Prototype D,2,0.94,1.954447718,0.01777777778,1.732852983,0.0562962963
3law,mod,Prototype D,3,0.96,2.060070349,0.01333333333,1.807917625,0.06148148148
3law,mod,Prototype D,4,0.98,2.029724573,0.01777777778,1.86344197,0.06518518519
3law,mod,CACTUS,0,0.64,1.061110014,0.05777777778,0.515115111,0.1385185185
3law,mod,CACTUS,1,0.58,1.060679266,0.01777777778,0.5258951649,0.1118518519
3law,mod,CACTUS,2,0.66,1.045354665,0.06444444444,0.5072328925,0.1533333333
3law,mod,CACTUS,3,0.66,1.03498437,0.05777777778,0.5058631784,0.1407407407
3law,mod,CACTUS,4,0.6,1.053420409,0.07555555556,0.5041681224,0.1614814815
3law,mod,CausalCACTUS,0,0.82,1.038044581,0.2644444444,0.3528588082,0.2903703704
3law,mod,CausalCACTUS,1,0.9,1.052487805,0.1866666667,0.4355232077,0.2155555556
3law,mod,CausalCACTUS,2,0.88,1.039516781,0.1955555556,0.4144463036,0.2340740741
3law,mod,CausalCACTUS,3,0.84,1.034935878,0.2444444444,0.3516958867,0.277037037
3law,mod,CausalCACTUS,4,0.8,1.048294085,0.2777777778,0.3536880187,0.3162962963
4german,min,LatentCF++,0,1,1.181754814,0.05,0.3089386861,0.4277777778
4german,min,LatentCF++,1,1,1.225426384,0.04,0.361832476,0.4077777778
4german,min,LatentCF++,2,1,1.180556979,0.03,0.4172936774,0.3277777778
4german,min,LatentCF++,3,1,1.169904666,0.02333333333,0.4102674782,0.3711111111
4german,min,LatentCF++,4,1,1.216481484,0.01666666667,0.419675149,0.35
4german,min,Prototype C,0,1,2.971050663,0,2.182369844,0.08
4german,min,Prototype C,1,1,2.95037357,0.01333333333,2.126698155,0.08888888889
4german,min,Prototype C,2,1,2.919022467,0.006666666667,2.320791756,0.09111111111
4german,min,Prototype C,3,1,3.170483968,0.02,2.224914832,0.09777777778
4german,min,Prototype C,4,1,2.973713967,0.01333333333,2.223436165,0.07777777778
4german,min,Prototype D,0,1,2.074605651,0.01333333333,1.54785481,0.11
4german,min,Prototype D,1,1,2.073318425,0.01666666667,1.501099507,0.1411111111
4german,min,Prototype D,2,1,1.894888573,0.01,1.596840882,0.1111111111
4german,min,Prototype D,3,1,1.968273983,0.02,1.50479364,0.1277777778
4german,min,Prototype D,4,1,1.937372323,0.01666666667,1.506886029,0.1444444444
4german,min,CACTUS,0,0.84,1.022885533,0.01333333333,0.6013951234,0.2733333333
4german,min,CACTUS,1,0.84,1.026676731,0.02,0.6042527187,0.2555555556
4german,min,CACTUS,2,0.82,1.037242667,0.02333333333,0.6281832447,0.2711111111
4german,min,CACTUS,3,0.92,1.026023427,0.01333333333,0.6023302525,0.2633333333
4german,min,CACTUS,4,0.88,1.034181529,0.02333333333,0.6084846056,0.2444444444
4german,min,CausalCACTUS,0,0.86,1.023027999,0.1633333333,0.492013431,0.3933333333
4german,min,CausalCACTUS,1,0.84,1.039824053,0.1766666667,0.4574225884,0.3833333333
4german,min,CausalCACTUS,2,0.8,1.048157017,0.2033333333,0.478217035,0.4333333333
4german,min,CausalCACTUS,3,0.92,1.02079967,0.1133333333,0.4984124839,0.37
4german,min,CausalCACTUS,4,0.84,1.044437305,0.1866666667,0.4623009133,0.4055555556
4german,mod,LatentCF++,0,1,1.173380654,0.02666666667,0.348436654,0.5383333333
4german,mod,LatentCF++,1,1,1.153121251,0.03666666667,0.3578935835,0.4933333333
4german,mod,LatentCF++,2,1,1.211863028,0.02666666667,0.3637506815,0.5316666667
4german,mod,LatentCF++,3,1,1.153295051,0.02,0.3326239325,0.5
4german,mod,LatentCF++,4,1,1.186316769,0.01666666667,0.3764437735,0.55
4german,mod,Prototype C,0,1,3.280323345,0.01333333333,2.28398879,0.09
4german,mod,Prototype C,1,1,3.164464317,0.003333333333,2.217958636,0.085
4german,mod,Prototype C,2,1,3.122861869,0.01333333333,2.177036818,0.09
4german,mod,Prototype C,3,1,2.886963139,0.01,2.14118976,0.09
4german,mod,Prototype C,4,1,2.972616598,0.01666666667,2.093324505,0.12
4german,mod,Prototype D,0,1,2.292989419,0.02666666667,1.609020006,0.1183333333
4german,mod,Prototype D,1,1,2.138481762,0.02666666667,1.486634782,0.1466666667
4german,mod,Prototype D,2,1,2.099221637,0.01333333333,1.502709027,0.1283333333
4german,mod,Prototype D,3,1,1.959594231,0.01666666667,1.546216984,0.1133333333
4german,mod,Prototype D,4,1,2.171848413,0.01,1.546287898,0.1166666667
4german,mod,CACTUS,0,0.82,1.030615139,0.01333333333,0.5554625891,0.41
4german,mod,CACTUS,1,0.8,1.024697502,0.02333333333,0.5239044927,0.4116666667
4german,mod,CACTUS,2,0.82,1.043317354,0.01,0.5669861881,0.345
4german,mod,CACTUS,3,0.8,1.035558163,0.02,0.5263761367,0.3483333333
4german,mod,CACTUS,4,0.78,1.046189539,0.01,0.5731765076,0.3633333333
4german,mod,CausalCACTUS,0,0.84,1.039075495,0.1733333333,0.4212851329,0.5416666667
4german,mod,CausalCACTUS,1,0.82,1.028202578,0.2,0.3933181905,0.545
4german,mod,CausalCACTUS,2,0.84,1.042250389,0.19,0.4406225941,0.49
4german,mod,CausalCACTUS,3,0.82,1.04171791,0.1966666667,0.3923781203,0.5066666667
4german,mod,CausalCACTUS,4,0.82,1.039872966,0.1933333333,0.4169859302,0.5083333333
5heloc,min,LatentCF++,0,1,1.19146058,0.03666666667,0.3043924935,0.2236111111
5heloc,min,LatentCF++,1,1,1.348159977,0.03666666667,0.3748843673,0.2146296296
5heloc,min,LatentCF++,2,1,1.361608501,0.03,0.3773889726,0.1901851852
5heloc,min,LatentCF++,3,1,1.399019229,0.03777777778,0.408749481,0.2076851852
5heloc,min,LatentCF++,4,1,1.365700497,0.02333333333,0.4794621871,0.1853703704
5heloc,min,Prototype C,0,1,2.740996935,0.02777777778,1.701561019,0.0562037037
5heloc,min,Prototype C,1,1,2.989580747,0.02444444444,1.771824171,0.0462037037
5heloc,min,Prototype C,2,1,2.959591513,0.03444444444,1.669355574,0.06324074074
5heloc,min,Prototype C,3,1,2.9195238,0.03444444444,1.689075087,0.06240740741
5heloc,min,Prototype C,4,1,3.087574061,0.03555555556,1.763682182,0.05638888889
5heloc,min,Prototype D,0,1,2.045067625,0.01666666667,1.30678133,0.04814814815
5heloc,min,Prototype D,1,1,2.094994546,0.01555555556,1.300215615,0.04268518519
5heloc,min,Prototype D,2,1,2.108926492,0.02,1.314131664,0.06018518519
5heloc,min,Prototype D,3,1,1.929853447,0.02777777778,1.169994853,0.0562962963
5heloc,min,Prototype D,4,1,1.82446319,0.02111111111,1.213040451,0.05805555556
5heloc,min,CACTUS,0,0.46,1.085823879,0.03444444444,0.4655003489,0.182037037
5heloc,min,CACTUS,1,0.54,1.197967212,0.04333333333,0.4713620423,0.1933333333
5heloc,min,CACTUS,2,0.48,1.250438397,0.05333333333,0.419020146,0.2253703704
5heloc,min,CACTUS,3,0.62,1.313847233,0.08,0.3884845883,0.2481481481
5heloc,min,CACTUS,4,0.52,1.210668025,0.1033333333,0.4274419593,0.2361111111
5heloc,min,CausalCACTUS,0,0.84,1.085697668,0.1833333333,0.4064092597,0.299537037
5heloc,min,CausalCACTUS,1,0.84,1.212366298,0.1855555556,0.4198883148,0.282037037
5heloc,min,CausalCACTUS,2,0.78,1.24832748,0.2488888889,0.3626531798,0.3593518519
5heloc,min,CausalCACTUS,3,0.78,1.310387058,0.2433333333,0.3366214662,0.3562962963
5heloc,min,CausalCACTUS,4,0.8,1.207654974,0.2144444444,0.3846263448,0.3249074074
5heloc,mod,LatentCF++,0,1,1.388820351,0.03333333333,0.3539562987,0.22125
5heloc,mod,LatentCF++,1,1,1.282794531,0.03444444444,0.3959430698,0.2197222222
5heloc,mod,LatentCF++,2,1,1.198567337,0.03222222222,0.3891391136,0.2209722222
5heloc,mod,LatentCF++,3,1,1.28647509,0.03111111111,0.412768168,0.2231944444
5heloc,mod,LatentCF++,4,1,1.371024986,0.03666666667,0.4452960411,0.1979166667
5heloc,mod,Prototype C,0,1,3.024296813,0.03111111111,1.762280382,0.05680555556
5heloc,mod,Prototype C,1,1,2.935330869,0.04111111111,1.714692268,0.05597222222
5heloc,mod,Prototype C,2,1,2.709128505,0.03444444444,1.675306427,0.06708333333
5heloc,mod,Prototype C,3,1,2.857408311,0.03111111111,1.723507051,0.05013888889
5heloc,mod,Prototype C,4,1,2.928275823,0.03111111111,1.727133323,0.05222222222
5heloc,mod,Prototype D,0,1,2.029727732,0.01555555556,1.248561439,0.04208333333
5heloc,mod,Prototype D,1,1,1.987240081,0.02777777778,1.280234031,0.06222222222
5heloc,mod,Prototype D,2,1,2.003781094,0.01444444444,1.275938501,0.04375
5heloc,mod,Prototype D,3,1,1.990229048,0.01777777778,1.182430563,0.05152777778
5heloc,mod,Prototype D,4,1,2.103197819,0.01666666667,1.332974528,0.05166666667
5heloc,mod,CACTUS,0,0.36,1.269690635,0.08111111111,0.3950135117,0.2429166667
5heloc,mod,CACTUS,1,0.62,1.136392521,0.05777777778,0.4699909868,0.1998611111
5heloc,mod,CACTUS,2,0.46,1.091689206,0.04222222222,0.4786634957,0.1966666667
5heloc,mod,CACTUS,3,0.62,1.140577723,0.06888888889,0.4494510656,0.2266666667
5heloc,mod,CACTUS,4,0.62,1.195046363,0.04111111111,0.4756213128,0.2147222222
5heloc,mod,CausalCACTUS,0,0.78,1.269282219,0.2488888889,0.3492886834,0.35875
5heloc,mod,CausalCACTUS,1,0.78,1.14581785,0.24,0.3681890104,0.3494444444
5heloc,mod,CausalCACTUS,2,0.82,1.086091709,0.2,0.3916767126,0.3183333333
5heloc,mod,CausalCACTUS,3,0.8,1.150676484,0.2222222222,0.3618349077,0.3425
5heloc,mod,CausalCACTUS,4,0.84,1.194244493,0.1833333333,0.4034411737,0.3208333333